1,Big Bird,Sesame Street,Fakeville,12345
2,Margaret Fowler,60036 David Springs,Kathrynstad,59080
3,Gary Anderson,260 Madden Parkways,Port Kristinaville,33576
4,Johnny Bell,9689 Wang Plains,South Allisonfort,90558
5,Kathryn Hicks,389 Vincent Lake Suite 768,Gutierrezland,77369
6,Caroline Waller,4605 Rachel Lake,West Johnfort,08245
7,Ashlee Adams,899 Gabriel Station,West Brentshire,88738
8,April Olson,895 Garcia Station,Mikeland,02153
9,Alexander Clark,5017 Kaitlyn Field Suite 233,Alexisberg,72307
10,Colton Vasquez,700 Julie Crossroad,North Samanthaville,65884
11,Brittany Cain,236 Owens Keys,West Ricardo,27395
12,William Miles,990 Russell Meadows,Brandyfurt,15127
13,David Stokes,7102 Billy Prairie,Juliechester,27479
14,Cameron Foster,030 Marc Dale Apt. 331,East Lukefurt,62119
15,Melissa Thompson,542 Deborah Island,West Traceymouth,90005
16,Margaret Payne,560 Miller Way,West Marc,45706
17,Wendy Key,93186 Watson Mall Apt. 578,Bowenberg,47181
18,Ashley Zavala,6721 Bailey Spur,North Becky,40572
19,Barbara Guzman,991 Diana Mountains,Davidtown,32333
20,Sarah Lopez,203 Edwards Hills,New Monica,24833
21,Jill Robinson,1082 Clark Corner Suite 091,Anneville,16386
22,Ruth Meyer,577 William Heights,Harveyshire,90474
23,Seth Miller,22239 Morton Cape Suite 267,Howellhaven,95289
24,Daisy Green MD,6366 Robinson Key,North Connieport,47787
25,Jessica Cummings,22789 Betty Dale,West Mary,33838
26,Holly Levine,9969 Smith Rue Apt. 210,South Rhondamouth,38972
27,Angela Delacruz,467 Adams Via,Thomaschester,61920
28,Carla Jackson,565 Jill Stream Suite 408,Waynestad,57166
29,Kendra Anthony,27679 Hall Throughway,East Lisaview,77658
30,Catherine Smith,3224 Lewis Springs Suite 470,New Robert,23118
31,Robert Ferrell,41307 Neal Lane Suite 374,North Daniellebury,83885
32,Dawn Brooks,05951 Mitchell Lane Apt. 267,East James,80426
33,Theresa Murphy,75278 Melissa Branch,Leeberg,85720
34,Julie Lewis,36575 Jennifer Turnpike Suite 210,Robinsonburgh,06036
35,Brittany Thompson,01992 Dennis Brooks Apt. 703,West Kayleetown,50241
36,Nicole Reilly,9166 Leslie Parks Apt. 410,Smithville,84488
37,Mason Jennings,8423 Dickerson Alley,Trujillochester,13726
38,Laura Reed,98486 Christina Crossing Apt. 031,South Lindaside,09046
39,Erica Wilson,967 Watson Villages,Lake Carol,45975
40,Jonathan Ortiz,62932 Rich Expressway,North Linda,01131
41,Joe Yang,2311 Johnson Isle,South Dustintown,85862
42,Pamela Bates,5881 Oliver Trail,North Kimhaven,66298
43,Nicole Garcia,005 Douglas Underpass Apt. 487,South Ryanburgh,50704
44,Antonio Bruce,4013 Sean Mountains Apt. 916,Lake Richardville,51071
45,Kathleen Cummings,4176 Brad Estates,Tylershire,18307
46,Jacqueline Allen,5780 Jessica Camp Suite 129,Reginaside,61275
47,Andrew Burton,4610 Hoffman Grove Apt. 868,Everettburgh,23492
48,Samantha Baker,956 Hess Junctions Suite 077,South Mitchellview,22030
49,Kimberly Barton,4326 Phillips Cliffs Suite 501,North Stacyland,11583
50,David Taylor,45226 Davis Loop Suite 315,Lake Deniseberg,63271
51,Michael Walters,64817 Turner Mall Apt. 612,Schneiderfurt,01733
52,Nicholas Newman,53811 Stephen Drive,West Marissaland,62548
53,Martin Pratt,1024 Evans Road,West Danieltown,28270
54,Daniel Hughes,48935 Brandon Trail Suite 785,Zacharyfort,35664
55,Lindsey Smith,7115 Lori Loaf Suite 723,Joannaborough,87849
56,Sarah Fowler,8076 Salinas Corner,Port Kelsey,18073
57,Michelle Shea,637 Benjamin Ridges,Port Jeffreyborough,04533
58,Heather Frye,10348 Patricia Landing Apt. 314,East Justin,79575
59,Perry Terrell,985 Gutierrez Springs Apt. 583,Acostachester,20757
60,Jonathan Wall,521 Meagan Circles,Sandratown,87551
61,Daniel Hammond,80790 Myers Passage Apt. 034,New Peter,24778
62,Eileen Galloway,641 Nguyen Brook,Hobbsmouth,79173
63,Luis Wong,1523 Paul Trail,Harrisland,54568
64,Patricia Rodriguez,08200 Reid Motorway,North Jonathanmouth,57383
65,Maria Garrison,57918 James Cliffs Apt. 987,East Kimberly,20938
66,Brenda Prince,65954 Mora Underpass Apt. 875,New Lindaborough,81322
67,Taylor Perez,06005 Melissa Cove,Lake Erinfort,09444
68,Michelle Taylor,67432 Angela Course Suite 754,Tracyville,10849
69,Caitlin Kim,536 Meghan Row,Hansenstad,71490
70,Rebecca Chapman,374 Smith Corner,North Erin,80822
71,Dr. Kathy Cook MD,75109 Soto Cliff Apt. 302,Joshuaview,82628
72,James Combs,613 Smith Track,East Robertland,69303
73,Lance Carr,1413 Albert Plain,East Kathleenfurt,39260
74,James Knapp,2429 Rangel Street Suite 386,Andersonport,86456
75,Dorothy Smith,285 Cooley Burgs Suite 917,Reginaldfurt,72398
76,Emily Mendez,65055 James Skyway Suite 783,Smithmouth,96679
77,Melissa White,97803 Sarah Glens,Novakville,13646
78,Joel Fitzpatrick,203 Jones Gateway,South Jenny,81351
79,Colleen Hurst,860 Holmes Plaza Apt. 895,Wademouth,60959
80,Patrick Johnson,386 Mike Place Suite 156,Ortiztown,73303
81,Kathleen Cochran,6792 Dwayne Pike,West Granthaven,43727
82,William Adams,5182 Donna Extension,West Tamara,51365
83,Glenda Daniel,0478 Richard Parkways Suite 082,Jaredton,34130
84,Amy Lopez,7993 Stephanie Streets,South Barryfurt,56388
85,Michael Gillespie,672 Jason Square Apt. 102,Sabrinaville,13179
86,Audrey Avila,49320 Ronnie Views Apt. 178,North Charles,78718
87,Christopher Johnson,372 Trujillo Ramp Suite 078,New Seanstad,89929
88,Mrs. Stacy King,878 Michael Locks Suite 879,North Allison,27437
89,Matthew Mclaughlin,627 Steven Stream,Port Tiffanyview,95542
90,Erin Wood,37020 William Light Apt. 305,Morenobury,43037
91,Blake Hurst,260 Morris Cape Suite 035,Smithfurt,51524
92,Danielle Juarez,42432 Evan Rapids Apt. 977,North James,55032
93,Courtney Richmond,907 Madeline Shoals,Hunterstad,05971
94,Anne Ho,261 Davis Knoll,Collinston,13048
95,Mrs. Nancy Jones DDS,4270 Miguel Lakes,Goodwinport,04865
96,Gregory Hall,59135 Torres Roads,Markhaven,14688
97,Alyssa Stewart,605 Morris Greens,Davishaven,73792
98,Douglas Johnson,75095 Thomas Lock Apt. 562,Kimberlyton,23408
99,Jessica Cisneros,2258 Carrie Route,Port Davidmouth,03157
100,Samantha Marshall,31989 Jean Shoals,Port Erik,79694
101,Gwendolyn Evans,47654 Cruz Canyon Suite 502,Thomasfurt,02509
102,Audrey Gomez,81515 Cooley Mountains Apt. 211,Gatesport,30684
103,Ryan Gonzalez,85815 Chelsea Fort,New Stephanieside,02785
104,Patrick Taylor,59810 Davis Pass Apt. 796,West Lisa,00848
105,Charles Delgado,891 Brandon Parkways,Grimesburgh,78095
106,Dean Berger,178 Gonzalez Viaduct Suite 021,New Douglas,81920
107,Ricky Cooper,424 Molina Avenue Apt. 354,East Christinemouth,81719
108,Elizabeth Rosales,527 Johnson Passage,Cathyfurt,84929
109,Ashley Barber,0489 Davis Point Apt. 774,Ericfurt,66143
110,Deborah Stein,460 Jennifer Knoll,North Wendyborough,61091
111,Gary Evans,96855 Ashley Rest Suite 628,East Laurenside,14271
112,Joshua Hooper,614 Hahn Islands Suite 279,Mistyfurt,18711
113,William Rodriguez,046 Jared Extensions,West Lawrence,79068
114,Ashley Liu,8825 Schwartz Meadow Apt. 821,Swansonberg,95539
115,Nathan Alexander,52148 Isaac Rue Suite 386,New Patricia,94297
116,Dr. Edward Conway,6044 Jessica Orchard Suite 364,Erinmouth,26976
117,Linda Oliver,3033 Benjamin Throughway Apt. 348,Port Belinda,80513
118,Timothy Bartlett,50159 Lauren Mission Suite 250,Port Deannatown,77184
119,Rebecca Powers,69702 Alec Park Apt. 804,Haydenburgh,21911
120,Amanda Mcbride,71018 Amy Path Apt. 025,South Bryan,55043
121,Tiffany Choi,626 Newton Heights Apt. 871,Hernandezhaven,76246
122,Veronica Anderson,400 Torres Crescent,Brandonshire,98249
123,Dean Davidson,66572 Alexandra Mountain Apt. 425,Harrisbury,30210
124,Kendra Gonzalez,3594 Burton Prairie,West Patriciatown,11668
125,Jeremy Walker,74726 Reyes Squares,Davidhaven,32645
126,Cassidy David,20937 Nelson Ridge,Seantown,23387
127,Alan Martin,900 Hawkins Crossing,New Angela,28147
128,Elaine Jenkins,39553 Shawna Greens Suite 495,Port Joseph,71868
129,Donna Blair,3905 Poole Points,Garystad,31985
130,Michael Lewis,9729 Kelly Villages Apt. 349,West Dana,33171
131,Ryan Villegas,99876 Bishop Walk Apt. 602,Joshuashire,65714
132,Michael Schultz,513 Moore Knolls,Lambshire,49021
133,Melissa Rivera DDS,53202 Troy Row,Lake Sarahville,23520
134,Tiffany Pope,938 Mark Mews Apt. 662,Jameston,06029
135,Melanie Meyer,1855 Hernandez Ranch,North Matthew,52494
136,Matthew Johnson,60614 Cheryl Fields Suite 579,South Henrymouth,58703
137,Alyssa Gallegos,0148 Smith Roads,West Gabrielleview,83302
138,Rachel Jones,71665 Dennis Glens,East Meredith,57457
139,Andrew Miller,030 Davis Garden Apt. 409,Joyceborough,52460
140,Michael Robertson,2215 Boone Parkway Apt. 802,Webbfurt,80181
141,Pamela Moore,9155 Lisa Harbors Apt. 696,North Sabrina,59694
142,Brenda Santana,80104 Perez Crescent,Port Jacob,44912
143,Ronald Spencer,287 Bishop Islands,New Nichole,62825
144,Douglas Gay Jr.,67795 Owen Centers,Garciaborough,16555
145,Edward Le,230 Johnson Loaf,Wilkinsonport,86701
146,Randy Crane,826 Savannah Causeway Apt. 936,Richardstad,44261
147,Rebecca Mcmillan,282 Jermaine Throughway,Maryhaven,71671
148,Debra Peterson,29338 Solis Cliff,Johnborough,70240
149,Tiffany Roberts,48066 Rivera Glens Suite 184,West Lynn,47370
150,Donna Rocha,239 Stanton Isle Suite 746,Penaport,16596
151,Christine Cline,474 Joseph Village,Lake Toddborough,94801
152,Christopher Norton,85075 Jennifer Brook Apt. 611,Maxwelltown,82756
153,Tracey Parker,2527 Romero Estates Suite 641,Terriland,91932
154,Joshua Hernandez,3667 Leon Mission Apt. 916,North Ritaton,90529
155,Jamie Pham,4555 Michael Common Apt. 895,Lisaton,38615
156,Tiffany Frost,656 Davidson Trail Apt. 177,Danaland,20174
157,Robin Shaw,89793 Natalie Greens Suite 054,West Bryan,48087
158,Kimberly Simpson,513 Rachel Village Suite 831,Alyssaland,03112
159,Amanda Weber,537 Jones Land,North Eric,41311
160,Glen Taylor,71683 Chad Isle Apt. 852,New Shelly,80080
161,Jeffery Davis,2278 Kelly Course,South Sheilaville,37059
162,Craig Roth MD,0795 Marissa Club Suite 685,Shieldsfort,23226
163,Carly Johnson,968 Jennifer Forks Suite 281,Lake Christophermouth,97085
164,Robert Castro,2391 Nguyen Pines Apt. 893,Courtneyport,44359
165,Amy Wilson,181 Glass Expressway Suite 686,Coxhaven,92567
166,Stacey Collins,75096 Nathan Valley,Port Heatherville,61680
167,Courtney Porter,62723 Ramirez Union,New Alyssa,95419
168,Linda Ballard,51337 Kathleen Plaza,South Keithton,74421
169,Jesse Jones,6462 Chapman Drive,Matthewfort,77243
170,David Herring,65650 Elizabeth Parkway Apt. 838,East Jennifer,44244
171,Duane Mclaughlin,7344 Marcus Trace Apt. 517,Tammystad,01310
172,Tracey Tucker,57493 Willis Turnpike Suite 956,South Lisa,73646
173,Michael Sanders,979 Alan Throughway,Benjaminton,86069
174,Erin Evans,99444 Riddle Common Suite 589,Julialand,39345
175,Susan Johnson,06678 Boyd Expressway,East Elizabethberg,41905
176,Jonathan Thompson,762 David Meadow,Port Michael,85546
177,Danielle Pineda,55933 Robert Plain Suite 706,Williamstad,70729
178,Brandon Hunter,920 Kathleen Junctions Suite 066,Moranland,47321
179,Daniel Henson,707 Haley Field,Lake Erichaven,34254
180,Dr. Jim Hanson II,08236 Julie Expressway,Trevorside,86900
181,Joshua Stevens,924 Browning Parkways,Lanemouth,73738
182,Matthew Gutierrez,3351 Cody Circles Apt. 547,Nolanstad,10761
183,Emily Fox,319 Emily Spring,Bradleyhaven,88088
184,Katie Schmidt,825 Suarez Islands,North Ellen,16906
185,Dawn Buckley,879 Brian Corners,West Brian,97346
186,Tami Hughes,04211 Stacey Mill Apt. 403,Lake Valeriestad,20542
187,Dana Figueroa,219 Jimmy Valley,North Nathanhaven,64477
188,Scott Deleon,6599 Brown Rapids,Lake Christophertown,13859
189,Kelly Campbell,367 Tiffany Path,South Linda,90786
190,Brent Humphrey,56338 Deanna Roads Suite 311,Bishopmouth,61753
191,Valerie Estrada,6722 Emily Fords,Luischester,09326
192,Angelica Knight,56122 Austin Field Suite 134,North Patrickburgh,71748
193,Frank Mckinney,40231 Lance Branch Apt. 283,North Rachael,90300
194,Joshua Blackburn,68872 Henry Knoll Apt. 197,New Tracey,40452
195,Curtis Bryant,6821 Jennifer Ferry Apt. 845,North Andrea,24131
196,Joseph Smith,52000 Barker Islands Suite 274,West William,01483
197,Emily Kennedy,496 Carl Vista Suite 112,South Scott,98965
198,Aaron King,148 Nicole Walk,Patelborough,06874
199,Frederick Quinn,9243 Cheryl Stravenue Apt. 430,South Travis,24790
200,Tracy Gonzalez,4620 Bishop Keys,East Amandastad,70449
201,James Espinoza,08687 Dawn Centers Apt. 047,Patriciaborough,66316
202,Marcus Chapman,6838 Brandon Drives Suite 879,Lake Johnathanborough,48665
203,Adam Richardson,4973 Palmer Stream,Sanchezbury,49355
204,Rachel Davis,98687 Lisa River,Port Connie,20773
205,Michael Barnes,8452 Little Vista Suite 203,Brownland,89170
206,Kelly Collins,983 Donna Cliff,Taylormouth,47159
207,William Sanders,9884 Johnson Summit,Vanessafort,47055
208,Melissa Bartlett,86463 Michael Route Apt. 119,Sarahport,87158
209,Jason Wall,295 Taylor Loaf Suite 635,Jameshaven,85479
210,Brian Koch,496 Debbie Lane Apt. 284,Chapmanshire,80268
211,Manuel Jenkins,4136 Amanda Passage Suite 844,North Robert,18852
212,David Mathews MD,981 Shelly Ports,North Virginiatown,68841
213,Erin Williams,659 Mcpherson Mount,Smithbury,62219
214,Nicholas Medina,67746 Proctor Bypass Apt. 413,Davisland,16691
215,Amanda Brooks,62995 James Ferry,Davisview,43373
216,Wesley Chavez,757 Douglas Crest Suite 527,South Andreaborough,71660
217,Mike Rose,8396 Jason Courts,Troytown,87528
218,Jillian Bailey,791 Santiago Valleys Suite 933,West Sethtown,97514
219,Troy Ruiz,599 Mcneil Oval Apt. 063,New Melaniechester,60108
220,Edward Holmes,8744 Thomas Hollow,West Marc,61501
221,Sheri Hall,8519 John Parks Apt. 404,Bennettberg,36397
222,Travis Bentley,83927 Kaiser Points,Robertburgh,71882
223,Daniel Huff IV,8074 Wade Circle,East Miranda,85530
224,Stephanie Lucas,1720 Sanchez Plains Apt. 197,Mckinneychester,60669
225,Tracy Odonnell,3580 Mendez Mill Suite 120,Jacksonmouth,92945
226,Joseph Hayes,9886 Timothy Summit Apt. 069,Heatherstad,59517
227,Logan Ballard,099 Donald Keys,Andersonview,99805
228,Chad Smith,698 Rodriguez River,Lake Stephanieview,19242
229,Leonard Ortiz,031 Davis Glen,Ericville,51666
230,Destiny Cooper,20944 Gonzalez Ferry,New Susanport,09151
231,Ricardo Sutton,47752 Allison Mountain Apt. 045,North Jason,74471
232,Steven Gonzalez,4283 Richardson Islands,South Brittany,78548
233,Emily Nielsen,017 Turner Plaza Suite 059,Lake Dan,16208
234,Thomas Phelps,01417 Diana Crossroad Apt. 521,South Christina,41409
235,Brett Watson,102 Jessica Creek,Richardmouth,81591
236,Walter Watson,304 Mason Wells,East Barbara,34199
237,Mary Mathews,376 Wilson Mountains,Alvarezmouth,77614
238,Alexander Stone,619 Tracy Mission,West Nancytown,50273
239,Sara Cross,36106 Charles Parkway,Montoyaberg,83813
240,Lisa Mcdowell,809 Nicole Tunnel Suite 792,North Jeffreyport,31797
241,Bryan Reynolds,2901 James Underpass Suite 821,Normaville,48956
242,Stephen Peterson,48400 Wise Knoll Apt. 845,Lake Nancyshire,43004
243,Kelly Pearson,437 Simmons Hollow,New Emily,15338
244,Cynthia Golden,5318 Adkins Avenue,Valerieberg,40246
245,Joseph Morgan,4831 Schroeder Harbor Suite 593,Danielmouth,90293
246,Dana Rush,673 Mccarthy Row,East Ashleybury,94222
247,Diana Williams MD,2414 Kristen Mount,Michellefurt,83174
248,Angela Carpenter,05746 Amber Trace Apt. 552,Robertfurt,63634
249,Timothy Sweeney,5616 William Trail Apt. 652,North Jessica,48721
250,Whitney Fitzgerald,2968 Henderson Bridge Apt. 014,Lake Jenniferside,65360
251,Jacqueline Mckenzie,28414 Smith Bridge Apt. 485,Teresaland,01279
252,Dr. Diana Robinson,4943 Brown Fort,Davidstad,95829
253,Jamie Mcgee,244 Lewis Ports,Lake Donnamouth,55390
254,Allison Butler,83829 Christopher Knoll,New Carol,11558
255,Mr. Matthew Watson MD,517 Michelle Key Apt. 390,North Lynnberg,51486
256,Amy Taylor,18150 Jesus Wells Suite 081,Christopherburgh,99568
257,Dr. Steven French,90070 Hannah Mill,North Benjamin,12774
258,Brandon Duncan,494 Farley Extension,North Bethstad,41912
259,Paul Brooks,193 Jasmine Trail Suite 936,East Mark,31451
260,Caleb Watkins,710 Melissa Union Suite 629,Port Danielborough,25403
261,Lisa Kelley,0853 James Plaza Apt. 347,Lake Robert,52544
262,Andrew Park,878 Anna Stream,Shannonfurt,77468
263,Jamie Reynolds,1912 Christopher Trace,West Robertview,65490
264,Nathaniel Snyder,119 Ramos Pines Suite 530,South Dominique,73189
265,Deborah Price,032 Stephenson Points,Sarahmouth,65681
266,Melissa Hughes,7293 Rodriguez Lakes Apt. 281,Lake Andrea,89947
267,Anita Adams,13791 Chad Forest Suite 774,New Randyberg,41433
268,Jocelyn Harrell,5586 Hoover Ports Apt. 503,West Ericfort,42271
269,Lisa Bell,72985 Riddle Flats Apt. 801,Roberttown,08442
270,Christy Stanley,3025 Williams Canyon Apt. 028,New Jeffreyburgh,60999
271,Rita Moore,83393 Amy Trace,New Daniel,69510
272,Whitney Boyd,01480 Mary Motorway Apt. 525,North Kevinmouth,21058
273,Stephanie Shannon,193 Steven Port Apt. 824,Owenville,12546
274,Alejandra Leonard,0311 Natalie Pass Suite 275,Lake Ericburgh,18353
275,Michelle Marks,593 Dawn Bridge,Jenningschester,84277
276,Robert Davis,94123 West Mission,South Thomasberg,11665
277,Caroline Hayden,04540 Morris Villages Apt. 468,Tracyton,08478
278,Eddie Manning,673 Johnston Track,Port Karen,81649
279,Angelica Peck,64482 Jamie Court Apt. 589,Port Jay,06217
280,Lauren Stewart,91535 King Villages,Matthewberg,89354
281,Veronica Goodman,88704 Boyd Vista,East Danielland,34737
282,Thomas Smith,8332 Ross Junction,Michelleview,56199
283,Daniel Rodriguez,704 Craig Neck Apt. 349,South Kathryn,83141
284,Cynthia Boyd,84630 Cook Row,Aliciaview,70678
285,Danny Chambers,42569 Osborne Park,North Julie,25544
286,Erica Taylor,1663 Randy Flats Suite 732,Lake Lisaland,97583
287,Mark Morrison,040 Michael Mission Apt. 906,Harrisville,00567
288,Amanda Garcia,3283 Barton Islands Apt. 743,Port Phillip,12299
289,Jesse Ford,3101 Smith Bridge,South Lee,28360
290,Julie Murray,536 Powers Valleys,Hickstown,49534
291,Kristen Hayes,8289 Jill Fall,South Roberttown,76687
292,Brenda Arnold,570 Leslie River Apt. 702,East Heidibury,82627
293,Nicholas Carr,60411 Martin Ranch,Piercemouth,02453
294,Gary Buchanan,9510 Allison Turnpike Apt. 622,Lake Amanda,68362
295,Sandra Wheeler,432 Ramirez Street Apt. 135,Lake Barbara,04546
296,Danielle Snyder,589 Ellison Plains Suite 452,North Michael,07510
297,Kenneth Santiago,62449 Kelly Villages,Davidtown,87484
298,Jeanne Barry,306 Stone Isle Suite 753,Davenportbury,34629
299,Jason Palmer,7859 Walker Path,Davidchester,17146
300,Richard Rogers,77207 Connor Plain Suite 927,Lake Richardland,60902
301,Kevin Kramer,9671 Nelson Flats Suite 756,East Kristenside,80624
302,Eric Wall,57833 Diana Forest Suite 698,Lindaside,12856
303,John Macdonald,5891 Alexander Terrace Apt. 440,North Charleston,56785
304,Jill Pugh,533 Rogers Manors,Greenhaven,99284
305,Michael Lucas,274 Beasley Alley,Charleston,33217
306,Samantha Robertson,86290 John Fork,Arnoldfort,84466
307,Tiffany Smith,2549 Melissa Row,East Tylertown,49144
308,Tammy Taylor,6703 Nathan Row,Howellmouth,40840
309,Anthony Lopez,94703 Kimberly Camp,Aaronfurt,21980
310,Austin Daniels,91890 Cook Common,West Andrew,89383
311,Mrs. Tina Jones,71478 Chavez Well Suite 567,East Tarabury,56998
312,Anthony Hubbard,83509 Jeffrey Branch,North Timothy,33457
313,Michael Proctor,0775 Kendra Port,Seanfurt,49360
314,Danielle Christensen,933 Martinez Haven,Port Jodi,38235
315,Daniel Garza,790 Williams Canyon Suite 432,New Stevenfurt,69387
316,Adrienne Cox,5508 Raymond Overpass,South Emily,05453
317,Benjamin Anderson,23537 Amanda Motorway,Gonzalesland,63207
318,Daniel King,31797 Campbell Mountain,North Timothy,08535
319,Mark Cook,0296 Angela Run,South Dawnhaven,65636
320,Julia Fuentes,43321 Megan Fields,East Allisonview,52086
321,Amanda Aguilar,9411 Cox Ridge Suite 829,West Donald,04179
322,Heather Hernandez,551 Christian Mountain Apt. 514,North Michaelmouth,54663
323,Paul Griffin,2985 Mann Valleys Apt. 080,Danielmouth,15451
324,Andrea Bowman,410 Crawford Points Apt. 355,East Christopherside,68270
325,Brittney Pacheco,8308 Dixon Hills,Johnstown,05950
326,Roy Ryan,918 Franco Cove Apt. 932,Port Barbara,38339
327,Derrick Freeman,56949 Banks Mission Suite 016,Denisemouth,07358
328,Christopher Cooper,236 Kim Spring,Jamesburgh,08122
329,Brian Blake,466 Stephanie Run Apt. 931,East Shawnmouth,14028
330,Melanie Vaughn,680 Patricia Square Apt. 701,North Brianview,60732
331,Joshua Chan,65873 Torres Estates Suite 884,Robertmouth,75357
332,Tanner Wong,44324 Darryl Views Suite 657,Butlerbury,26906
333,Timothy Hodges,51264 Scott Squares Suite 067,Matthewtown,73487
334,Sara Ritter,6707 Justin Trail,East Davidport,01332
335,Brett Clark,560 Angela Stream Apt. 022,West Sheila,37378
336,Sean Schultz,36642 Marshall Rapids Suite 869,North Henry,25141
337,Larry Rodriguez,31698 Matthew Cliff Suite 387,Kennethmouth,87054
338,Jonathan Gray,03985 Jennifer Station,Nelsonfort,59166
339,David Mays,06352 Jensen Plains,Townsendbury,41623
340,Russell Garcia,376 Kimberly Parkways,South Carlachester,46336
341,Tracy Carr MD,109 Cannon Neck Apt. 370,Lake Travismouth,24033
342,Diana Nelson,363 Melissa Streets Apt. 629,New Claudia,53760
343,Adam Williams,4007 Newman Courts,Andersonmouth,32594
344,Elijah Morris,729 Flores Shoal,East Jamieborough,48920
345,Emily Little,552 Nathaniel Prairie,East Christina,81277
346,Samantha Davis,5952 Cathy Forest,Rojasberg,51516
347,Billy Frazier,615 Hampton Knoll Apt. 681,West Aaronborough,80911
348,Paul Davis,89782 Amber Brook,Nicoleville,63997
349,David Hinton,69607 Smith Bypass Suite 674,South Lisashire,46526
350,John Rose,00073 Michael Springs,East Timothy,92740
351,Mike Jimenez,209 Clark Trafficway,Shawnstad,77602
352,Diane Barnes,173 Alexander Square,Tonyaville,55182
353,Michael Bowman,63860 Bridges Trafficway Apt. 256,Jasonfurt,04715
354,Jordan Hanson,191 Gary Course Apt. 039,New Christopherport,60929
355,Jeremy Wilson,62929 Oneal Fork,Taylorborough,67548
356,Mary Montoya,54248 Richard Underpass,West Lisa,38074
357,Annette Patrick,00106 Laura Court Suite 805,Port Stephen,91810
358,Andrew Lamb,991 Melissa Isle,Kimchester,76122
359,Erin Williams,722 Armstrong Trafficway,Debraborough,97567
360,Andrew Stafford,562 George Junctions Suite 564,West Mercedes,77152
361,Ethan Patel,351 Cassandra Estate Apt. 274,Dennisberg,85450
362,Cynthia Little,2182 Miller Village,North Nancy,77700
363,Allison Woods,2774 Breanna Manor Suite 732,West Summer,14571
364,Jesus Williams,485 Robert Drive,New Dale,53436
365,James Guerrero,9880 Brenda Valley,East Gabrielleshire,96193
366,Meredith Sullivan,01382 Contreras Mews Suite 164,Kathrynland,14998
367,Tyler Rodriguez,2673 Henderson Glens,Heatherville,37162
368,Victoria Joseph,949 Cheryl Heights Apt. 830,Larrymouth,70711
369,Joseph Francis,08301 Meadows Mall,Lake Rickyland,02060
370,Nicole Smith,855 Mary Burgs,Barbaraton,78881
371,Tara Johnson,583 Wright Pass,Frankview,76678
372,Bryan Blanchard,1042 Fuller Loop,West Lori,06228
373,Robert Johnson,3687 Isaiah Canyon,Port Michelle,05588
374,David Lee,9764 Lisa Grove,Franklinmouth,43554
375,Mark Castro,97176 Russell Glens Apt. 211,Leahville,85495
376,Catherine Daniels,4677 Lang Park Suite 461,Lake Michael,19970
377,Douglas Diaz,691 Bennett River Suite 575,Port David,58769
378,Sara Howard,58224 Randolph Valleys Apt. 659,Ortizville,64884
379,Sharon Blanchard,9294 Timothy Point Apt. 924,Lake Craigmouth,90956
380,Jeffrey Stewart,93396 Mora Corner,Port Aprilchester,18281
381,Tammie Mathis,4962 Nichole Village Apt. 120,Marshallton,72825
382,Heather Miller,02407 Kelly Park,Alexshire,74003
383,Joshua Harrington,5534 Aaron Points,Randolphfort,91227
384,James George,2801 Whitney Stream,South Micheleshire,30015
385,Richard Lane,8915 Williams Court,Lake Ryanfort,65686
386,Vincent Burns Jr.,4207 Dillon Knoll Suite 540,North Jessicamouth,39782
387,Billy Anderson,70737 Daniel Lodge,Andrewsland,42432
388,Melissa Randall,6040 Delgado Isle Suite 064,Goodmanfurt,65131
389,Thomas Parks,87914 Martin Neck Apt. 882,Jonathanburgh,64691
390,Kimberly Chang,31534 Hayes Pike Apt. 969,South Ericstad,11357
391,Valerie Holder,01812 David Stravenue Apt. 293,West Tylerville,03949
392,Kristi Garcia,720 Alice Island Suite 865,New Susanton,65393
393,Rebecca Rivera,339 Turner Cove,Natalieborough,41437
394,Amy Sanchez,32577 Cline Mission Suite 894,West Tammy,48065
395,Robert Stone,5691 Soto Tunnel,East Kimberly,41934
396,Cynthia Patrick,0947 Holden Lodge Apt. 690,Reynoldsburgh,58473
397,Alexander Yang,58758 Davies Spurs,Hayesfurt,01352
398,Robert Gross,321 Daniels Knolls,Cartermouth,53698
399,Shawn Myers,0425 Kyle Lane,Johnsonfort,68481
400,Zachary Spencer,855 Matthew Station Apt. 704,Smithbury,13705
401,Melissa Allen,8737 Elizabeth Flat Apt. 645,Riversborough,54712
402,Brenda Olson,7231 Lisa Loop Apt. 596,South Matthew,44313
403,Hector Lowe,36094 Stacey Fields Suite 204,Hollyport,39480
404,Lori Woods,463 Kevin Villages Suite 081,Leonardside,50030
405,David Mcguire,6632 Jeffery Road,North Elizabeth,81826
406,Diane Mckenzie,147 Rebecca Isle,Guyshire,60115
407,Amanda Mitchell,13923 Larry Crossroad Suite 069,West Alexandria,35268
408,Jon Mullen,9256 Perry Divide Suite 732,New Melindastad,14588
409,Brian Jones,030 Kelly Courts Apt. 164,North Robertmouth,33367
410,Joseph Johnson,51907 Michael Springs Suite 514,Courtneyside,69159
411,Elizabeth Hood,193 Horn Circle Suite 351,Acevedoton,86348
412,Melinda Moyer,99692 Roach Ways,North Moniqueview,30443
413,Michael Smith,803 Aaron Centers,West Victoriaberg,18007
414,Monica Orozco,18895 Brandon Ramp Apt. 263,Desireeport,66631
415,Candice Espinoza,16825 Jenna Coves,West Joseph,91378
416,Roy Hamilton,5672 Bradley Underpass Apt. 373,North Thomas,72474
417,Tyler Mosley,4230 Christina Highway Suite 819,Freemanfurt,78510
418,Patrick Lowery,830 Sharon Street,Michaelside,43033
419,Joshua Dixon,65229 Denise Drive Apt. 527,Kathleenfurt,37272
420,Mikayla Freeman,998 Hannah Mall Suite 455,Valenciafurt,58457
421,Donna Martinez,490 Fletcher Drive,South Justinton,58302
422,Angelica Durham,8933 Kathy Lights,West Virginiaberg,99155
423,Nicholas Cook,86391 Connie Fields Apt. 782,South James,05575
424,Sarah Hartman,14216 Jeffrey Summit,Victorstad,02619
425,Darrell Vega,48276 Hannah Knolls Suite 031,New Michael,08432
426,Kyle Hudson,59737 Jessica Meadows,Katelynbury,67287
427,Thomas Smith,14152 Cook Trace Apt. 275,Justinmouth,55827
428,Laura Johnson,12817 Kelly Radial,New Jayport,81094
429,Rodney Welch,98194 Kathleen Isle Suite 116,East Joseph,86485
430,Cory Burns,91165 Quinn Union,East Joeport,59076
431,Kenneth Ellis,770 Andrew Island Apt. 406,West Sydneyshire,84578
432,Holly Graham,63016 Velazquez Tunnel,Williamville,44432
433,Emily Henry,063 Mary Manors,North Patricia,70288
434,Jennifer Martin DVM,482 Kaiser Plains Suite 484,Bridgetchester,90809
435,Lisa Warren,2706 Randall Islands Apt. 217,Kingberg,64248
436,Angela Smith,82849 Aaron Center Apt. 605,North Joetown,11163
437,Anna Dickson,48809 Eduardo Field Suite 781,West Amberton,90350
438,Shari Ochoa,12148 Troy Course Suite 796,North Stephen,10050
439,Mike Miranda,53966 Brittany Stravenue,New Steven,82416
440,James Grant,35297 Patrick Passage,Maysburgh,28876
441,Jason Gonzalez,587 Amanda Corners Suite 383,Thomasstad,17079
442,Paul Jones,31107 Kathleen Plaza,Andersonstad,28526
443,Matthew Hale,87249 David Harbor,West Monica,37909
444,Michelle Martin,69407 Tiffany Islands,North Debraport,93079
445,Francisco Burgess,807 Whitney Pass,New Amandaville,91203
446,Alexander Mcclure,101 Smith Course Apt. 425,North Abigail,73873
447,Krista Walsh,5857 Erika Light,Lauramouth,11541
448,Zachary Villarreal,59534 Jennifer Canyon,Perezberg,42328
449,Joseph Wells,09138 Kenneth Turnpike Apt. 445,Bradleyfurt,46611
450,Joshua Walker,18292 Lisa Tunnel Suite 533,Port Terry,95777
451,Zachary Wyatt,4582 Pitts Crest,New Sheristad,50895
452,Christopher Jimenez,35593 Natalie Islands Apt. 128,Rodriguezberg,47328
453,Shane Coleman,4367 Maddox Mount Apt. 484,Vaughnstad,30688
454,Thomas Holmes,45072 Combs Stream,West Courtneyview,04887
455,Marcus Mahoney,096 Christopher Route Apt. 372,Lake Staceymouth,44952
456,Jonathon Vargas,2149 Blackwell Knoll Apt. 603,New Keithstad,37216
457,Benjamin Johnson,04696 Edwards Flats,East Joseph,92655
458,Daniel Warner,70507 Thomas Cape Suite 415,Julieview,42380
459,Brian Bennett,345 Jason Island,Port Annette,74365
460,Cynthia Lopez,38576 Moore Via Suite 242,Danielleton,99297
461,Gail Daniel,55700 Megan Heights Apt. 083,South Samanthamouth,88038
462,Toni Miranda,174 Ian Lodge,New Thomas,93995
463,Rachel Lopez,928 Ryan Point,Riveraland,80339
464,Samantha Powell,55137 Kristy Field Suite 124,Boyerfort,14869
465,Dr. Melody Downs,643 Daniel Views Apt. 946,Jackberg,24732
466,Terry King,9759 Norton Wells,South Maureen,61486
467,Mrs. Lisa Smith,5445 Eric Pine Suite 128,North Jacqueline,77989
468,Kristopher Wilson,17566 Tiffany Tunnel Apt. 497,West Tanner,86545
469,Jason Watson,713 Stewart Drives Apt. 152,Stacybury,32346
470,Roy Long,96226 Travis Ramp,Lake Tamaraville,63339
471,Ashley Bishop,53113 Anderson Walk,Matthewhaven,34926
472,Diane Brewer,578 Robert Causeway Suite 689,Colechester,85814
473,Stephanie Sanchez,32025 Christopher Extensions,West Andrew,77992
474,Russell Cohen,12304 Rebecca Underpass,East Scott,57763
475,Maria Holloway,1561 Yates Cliff,North Christinechester,84432
476,Linda Tran,375 Ballard Forks,Johnsonhaven,77284
477,Lisa Vasquez,87737 Anderson Station,New Anthony,03060
478,Virginia Mcgee,51684 Carolyn Roads,New Leslieborough,38753
479,Logan Glass,8769 Connie Station,Gallegosbury,59385
480,Paul Nguyen,090 Macdonald Stream Apt. 552,Hendersonborough,18016
481,Daniel Hardy,50024 Thomas Spur,Barrerafort,50099
482,Paul Thomas,20529 Michelle Plain,Port Timothy,68497
483,Valerie House,298 Marquez Rue Suite 044,Ramireztown,80136
484,Ryan Zuniga,236 Lopez Mills,Mirandaton,43774
485,Carmen Hamilton,727 Oconnor Club,Santiagobury,81148
486,Mathew Perez,06389 Malone Island,Jenniferhaven,39254
487,Tiffany Dickson,6140 Lindsay Heights,North Rebecca,97901
488,Mark Dean,84937 Rachel Key Suite 712,Jenniferberg,95983
489,Dr. Michael Richardson,976 Dylan Island Suite 857,Durhamville,80372
490,Brian Holland,800 April Neck Suite 475,East Davidfurt,75012
491,Matthew Hines,0776 Evans Summit,Kyleshire,39705
492,Steve Webb,5723 Singh Plaza,Port Todd,83819
493,Laura Cruz,9532 Baker Locks,Gonzalesburgh,34389
494,Tyler Riley,8795 Meyers Mill,Rodriguezborough,80630
495,Daniel Thompson,864 Murray Ports,Moranshire,82174
496,John Alvarez,34357 Russell Mount,Whitechester,76643
497,Tracy Black,400 Daniels Point,Nancymouth,37615
498,Jeremy Walsh,384 Matthew Ports Apt. 507,Port Jasonfurt,70363
499,John Mcclain,1643 Perkins Pines Apt. 943,South Kevin,20032
500,Allen Solis,15795 Harris Shores Apt. 696,Manuelhaven,54685
501,Kara Garcia,481 Samantha Drives,New Omar,08275
502,Patrick May,651 Lee Harbor Apt. 505,Torresstad,44499
503,Karen Carpenter,5661 Anthony Drive Suite 629,New Christopher,61674
504,Pamela Bell,26745 David Plain,Smithburgh,67061
505,Amber Hodges,63296 James Parkways Suite 795,Lake Nathan,36312
506,Diane Zamora,0545 Morgan Spur,Romanton,19472
507,William Carter,5081 Mitchell Ford Apt. 873,Port Vincent,50491
508,James Alvarez,913 Joshua Spurs,Moniquestad,67046
509,Jessica Ortega,3602 Garcia Summit,Port Brandon,95716
510,Phillip Cole,51988 Claudia Rest Suite 960,East Cynthia,97643
511,Sharon Woods,3545 Nicole Villages,Martinchester,91166
512,Jennifer Hernandez,918 Cooper Spurs,New Patty,83531
513,Kendra Smith,387 Torres Way,Mcdonaldberg,94876
514,Margaret Johnson,40299 Hodges Pass Suite 000,Port Brookehaven,80647
515,Sarah Butler,66541 Johnny Road,West Bryce,60146
516,Mary Richards,45909 Chaney Path,Nicolebury,39256
517,Brent Fisher,10853 Robinson Light Apt. 312,Jacobshaven,11524
518,Jordan Wilson,749 Morales Extensions,Chenhaven,30078
519,William Mccarty,183 Maria Course,Lake Charlestown,10724
520,Alan Evans,235 Simon Junction,Tonyachester,60011
521,Michael Holt,14207 Scott Forge,Port Donnastad,69563
522,Kenneth Barton,58791 Jenkins Plains,Angelaport,60567
523,Nicole Andrews,0217 Melanie Shoal,Port Shawn,76319
524,Karen Flores,04853 Joy Union Apt. 168,Maxwellberg,65595
525,Micheal Evans,755 Wright Plain,Carlsonborough,96314
526,Joseph Fisher,152 White Path,Port Tinaton,81799
527,Aaron Henderson,5485 Levi Ranch,North Tylerberg,79477
528,Joseph Nash,22356 Kristi Crescent,Benjaminchester,30660
529,Thomas Coleman,09253 Ramirez Shoal,South Charles,64501
530,Mrs. Joy Kline,631 Johnson Divide Apt. 306,Virginiaville,09592
531,Madeline Martin,38635 Zuniga Avenue,Adrianport,92555
532,Lori Moore,6175 Samuel Avenue,Matthewville,14163
533,Kimberly Brown DDS,506 David Field Apt. 926,Lake Ashleyhaven,75408
534,Robert Phillips,50009 Stephen Lodge,Stephenside,37034
535,Victoria Martin,946 Mark Bridge,Cainside,94056
536,Jonathan Torres,6566 Rowe Fork Suite 314,Harmonstad,35979
537,Michael Love,44822 Richard Lakes Apt. 212,Fullerchester,08369
538,Carol Welch,237 Leon Walk Apt. 032,Hernandezfurt,40285
539,Jason Frank,14001 Ann Circles Apt. 154,Port Pam,78706
540,Justin Robertson,567 Diaz Cliff Suite 060,Manningbury,56653
541,Jordan Oconnor,796 Eric Divide,Port Lindsayshire,37664
542,Tonya Cook,08341 Phillip Lake,Hollandtown,85106
543,John Clark,4810 Monica Club Apt. 972,Bettyberg,77398
544,Melissa Andrews,327 Scott Road,Santostown,67096
545,Nichole Freeman,332 Scott Alley,Millerfurt,90177
546,Kelly Baldwin,469 Alexis Green Suite 297,Bakerton,30085
547,Andrew Cole MD,38807 Kevin Path Apt. 446,Jeremystad,23576
548,Jose Snyder,017 Johnson Isle Apt. 143,Brittanyborough,84524
549,Rodney Williams,2341 Marilyn Prairie,New Anne,01500
550,David Sims,66242 Melissa Island,Larrymouth,57171
551,Russell May,810 Gerald Pine Suite 523,Port James,46424
552,Amanda Conway,486 Wilson Lakes Apt. 700,North Hannah,66353
553,John Stewart,483 Chad Village Apt. 876,Padillaborough,83774
554,Amy Horton,5572 Tiffany Drives,South Kathy,02781
555,Donna Ford,28368 Andrea Station Suite 854,Ortiztown,32473
556,Latoya Palmer,52751 Dorothy Springs,Gibsontown,15543
557,James Robertson,19108 Andrew Plain,Carlosbury,10902
558,Mary Barrett,017 Phillip Passage,Port Brianhaven,08012
559,Timothy Jones,8033 Taylor Valleys,West Dennis,23496
560,Dr. Denise Spears,4170 Scott Ridge,Victorport,49074
561,Jenny Hancock,01012 Linda Mission,Kelleyhaven,62228
562,Julia Freeman,982 Ann Roads,South Beverly,01768
563,Joseph Williams,060 Bowers Ranch,East William,58728
564,Jeffrey Cox DDS,7260 Mitchell Shore,New Jameston,77124
565,Mark Lee,310 Cameron Greens Suite 013,West Jeffrey,97906
566,Ray Davis,192 Navarro Dale,Lake Donald,29394
567,Christine Moore,27049 Kennedy Mews,North David,46120
568,Susan Smith,9983 Larry Loop Suite 730,Courtneyburgh,23616
569,Melissa Gomez DDS,970 Brown Canyon Apt. 083,Foxchester,02268
570,Eric Richards,5723 Tammy Flat Suite 232,North Jamesberg,00780
571,Kenneth Bond,588 Martinez Mills,Chelseashire,07522
572,Tammy Haley,3483 Ortega Village,Hayesview,81275
573,Heather Willis,08462 Stephens Mills Apt. 759,West Donald,63166
574,Justin Henderson MD,9168 Mary Lock,Burtonmouth,73051
575,Mrs. Caroline Lewis DVM,10216 Christopher Mount,South Courtneyfort,08891
576,Xavier Hopkins,46695 Jennifer Shores,Port Michaelport,67185
577,Steve Acosta,053 Brittany Mall,Murphyview,82883
578,Allen Vazquez,3730 Aguilar Ports,East Mary,21872
579,Christopher Martin,69809 Emily Springs,Kruegershire,69459
580,Travis Hopkins,43892 Chavez Inlet,South Lynnside,28388
581,Jacqueline Wheeler,1976 Mindy Mill,Thomaschester,36274
582,Kenneth Sutton,0527 Stephanie Manor,New Aaron,96200
583,Barbara Martin,5282 Hicks Crescent Suite 545,Campbellport,96480
584,Scott Smith,8117 Michael Village Apt. 180,Stevenland,77516
585,Ryan Morgan,9563 Roger Mall Suite 733,Riceview,23744
586,Antonio Hill,83658 Richardson Stream,New Tasha,35689
587,Jenna Porter,838 Santos Lock,West Diana,52997
588,Joseph Smith,234 Angel Forest Apt. 410,East Rebeccaview,19710
589,Angela Johnson PhD,31049 Alexander Shoals,West Joanne,84634
590,Joshua Myers,101 Holloway Spur Apt. 707,East Anthony,80361
591,Ashley Robinson,7765 Gardner Dale Apt. 115,Lake David,70426
592,Dean Curtis,64614 Morgan Corner,East Jillmouth,60285
593,Theresa Saunders,433 Willis Vista,Carrollhaven,19643
594,Mary Simpson,583 Nguyen Loaf Apt. 847,Cunninghamport,20667
595,George Deleon,5969 Claudia Lakes,West Derekton,74305
596,Joshua Wilson,71787 Jennifer Mountain Suite 943,Cruzmouth,12362
597,Cheryl Davis,801 April Road,Port Angelicaside,39623
598,Ruben Quinn,79917 Good Fall Suite 886,Joemouth,48272
599,Lisa Martin,846 Travis Greens,West Patricia,85981
600,Jennifer Cole,020 Andrew Spring,North Robert,89110
601,Madison Hall,517 Laurie Pine,Donovantown,44110
602,Aaron Shepherd,573 Nicole Mews Suite 803,Port Benjamin,33119
603,Donald Campbell,24257 Castaneda Course,Fitzgeraldville,88846
604,Dr. Jennifer Green,6224 Smith Wall Suite 911,Garciaview,36811
605,Kathy Vazquez,6392 Walton Port,West Carlosport,38910
606,Steven Hudson MD,40753 Patty Mills,Mariabury,27769
607,Christopher Conley,26100 Galloway Streets Apt. 045,New Sierra,85633
608,Thomas Anderson,41550 Mark Bypass,Katiefurt,21215
609,David Mcdowell,7695 Berry River,Marshallborough,04996
610,Ronald Wolf,315 Miles Pine Apt. 614,East Jasmine,73003
611,Erika Mitchell,4120 Welch Neck Apt. 724,Mullenfurt,45604
612,Joseph Richards,152 Paula Station Apt. 963,West Melissa,38534
613,Christina Velez,4097 Henry Dale Apt. 768,Robertfurt,83558
614,Carrie Davis,107 Andrea Island Suite 796,South Adam,87426
615,Joe Williams,5795 Holly Spur Apt. 864,East Benjaminmouth,73217
616,Douglas White,6717 Perry Loop Apt. 602,Miguelmouth,27429
617,Erica Hendrix,29360 May Course,Port Wesleystad,18820
618,Robin Parker,433 Davis Vista Suite 317,East Donald,19073
619,Jake Garcia,810 Angela Manors,Munozberg,89732
620,Donna Deleon,2152 Morgan Rue Suite 567,Greeneberg,24748
621,James Moreno,6898 Connor Road,West Ericport,84219
622,Johnathan Molina,1233 James Ranch Suite 511,Port Christopher,97029
623,Kenneth Cardenas,3208 Green Camp,Markport,85754
624,Michael Delacruz,93856 Richards Glens Apt. 614,Schmidtberg,90636
625,Michael Ramos,009 Stephen Valleys,East Mariachester,66922
626,Erin Mccoy,4043 Suzanne Square Apt. 402,Christopherburgh,91014
627,Edward Kerr,590 Madison Summit,Lake Moniqueside,43647
628,Ryan Gonzalez,60782 Johnson Crossroad,New Ralphburgh,08246
629,Jessica Jenkins,7762 Rogers Mall,West Alejandro,76317
630,Mallory Watson,6031 French Prairie Apt. 743,West Christopher,52168
631,Darren King,423 Howard Estates,Kellyton,46219
632,Tony Hernandez DDS,958 Samantha Heights,New Colleen,64307
633,Jamie Graham,569 Green Pike,Cherylfort,95101
634,Dominic Harris,7430 Combs Mission Suite 895,Johnsontown,69088
635,Jessica Holloway,43186 Yvonne Keys,Lake Jacob,12292
636,Francisco Ray,76059 Robert Common Apt. 269,Port Kimberly,96592
637,Jasmine Cabrera,77615 Amanda Square Suite 553,Beckmouth,93083
638,Douglas Mcclure,2095 Marquez Freeway,Gonzalezview,35641
639,Nicholas Reynolds,8658 Rebecca Ports,Lake Patricia,84456
640,Paula Reed,267 Michael Hill Suite 289,Fernandezfort,63422
641,Marie Kim,10280 Graham Row,East Cindy,33543
642,Patrick Perry,4464 Williams Track Suite 905,Juarezfurt,26842
643,Janet Long,5811 Martin Neck,Kimberlyberg,62469
644,Alfred Chavez,03697 Katherine Parks,Gutierrezfurt,53675
645,April Johnston,817 Hannah Junctions Suite 210,Bradyshire,51920
646,Derrick Gonzales,24321 Joseph Drive,Gabrielberg,25345
647,Ruben Stanton,35377 Samantha Branch Suite 773,Lake Kimberly,01375
648,Loretta Sanchez,70655 Andrew Point,Masseyfort,44796
649,Lance Baker,139 Jennifer River Suite 802,Yatesville,59082
650,Jeffrey Pearson,539 Benjamin Streets,North Rebekahland,54245
651,Rhonda Taylor,50774 Nelson Field,New Johnstad,67002
652,Debbie Reynolds,687 Crawford Forks Suite 964,East Michael,51922
653,Tonya Brown,372 Miller Turnpike Suite 323,Jasonside,48897
654,Jennifer Castillo,391 Johnson Turnpike Suite 105,New John,78950
655,Tyler Anderson,66601 Morrison Fort,Michelleport,37897
656,Dana Hernandez,553 Harris Oval Apt. 067,Chrisberg,27748
657,Donald Floyd,59019 Andrew Run Apt. 539,Perezport,90060
658,Lisa Underwood MD,903 Jon Hollow,Johnsonshire,32919
659,Eric Mathews,1778 Stephanie Drive Apt. 149,Charlottefort,35746
660,Joshua Riddle,2276 Gonzalez Passage Suite 971,Lake Patricia,24627
661,Luis Melendez,60263 Robbins Dam,New Amanda,53842
662,Zachary Walter,9356 Zachary Mill,North Janeside,61751
663,Steven Walsh,0931 Amy Forges,South Justin,98906
664,Kelly Andrews,004 Troy Ford,West Bradleyburgh,57923
665,Edward Velasquez,890 Shawn Estate Suite 996,Port Lynn,07482
666,Elizabeth Nguyen,6426 Diaz Key Suite 420,New Dennisport,14104
667,Jill Salazar MD,74878 Jeffery Lock Suite 114,Marymouth,81327
668,Elizabeth Turner,3336 Benson Stravenue Suite 341,Brownland,32928
669,Joe Davis,9795 Lara Passage,Christopherfurt,36878
670,Todd Nichols,52134 Charles River Suite 989,Johnsonfurt,94491
671,Thomas Campbell,4496 Ortiz Wells,Mariashire,59581
672,Paul Martin,2528 Joseph Pass Suite 415,South Jackson,32571
673,Kathryn Simmons,692 Huff Plains,Petersonbury,83325
674,Todd Moody,03413 Wilson Fields,Nancychester,50645
675,Zachary Stanley,8322 James Street,Johnberg,83512
676,Brian Chambers,60989 Shirley Hill Apt. 247,Smithport,10267
677,Brandon Thomas,133 Johnson Turnpike Apt. 820,New Donna,93414
678,Christina Walker,69037 Jacobs Glens Apt. 416,New Elizabethton,95142
679,Sandra Harris,6024 Gregory Shores,Nicholasmouth,41879
680,Christopher Jimenez,852 Cabrera Forges Apt. 220,East Alexis,02833
681,John Palmer,278 May Tunnel Suite 516,Phillipsside,42783
682,Brandi Wilson,632 Shepherd Mews,Lake Ryanview,98987
683,Craig Werner,831 Graham River,South Michael,94337
684,Sherri Hoffman,34787 Hardin Field Apt. 765,Port Kimberly,81099
685,Jason Johnson,1014 Alex Ridges Apt. 179,South Randyborough,82604
686,Alexis Sparks,67414 Ray Knolls Apt. 218,Jonesport,92769
687,Erin Brennan,611 Jonathan Land,Port Taylorchester,26803
688,James Swanson,00850 Garza Island Apt. 357,New Lawrence,56197
689,Tina Lozano,028 Payne Villages,Cookbury,86348
690,Lucas Quinn,98553 Regina Pine Suite 419,East Donald,12973
691,Daniel Sanchez,5342 Samuel Rapids Suite 445,Maryfort,48916
692,Nicholas Gilbert,3377 Felicia Overpass,West Brenda,81673
693,Donna Burgess,654 Nelson Road,Fowlershire,78696
694,Molly Zhang,5711 Nguyen Ridges Apt. 427,Lake Frankton,57923
695,Sabrina Sanchez,5973 Powell Pass Suite 531,Morganview,78520
696,Michael Lambert,751 Emily Inlet,Lake Jesseland,61318
697,Maureen Rowland,429 Levine Course,Dianamouth,60249
698,Russell Anderson,290 Joseph Course,West Anneborough,56491
699,Karen Wells,9487 Campbell Plains,Kellyport,66703
700,Kelsey Bradley,882 Derek Points Suite 654,Port Philipview,83360
701,Michael Swanson,3102 Edwin Ferry Suite 300,Russellshire,24121
702,Barbara Campbell,7968 Angela Meadows,North Makaylatown,92213
703,Michael Guzman,95410 Tate Road Suite 434,South Ginaborough,46104
704,Jordan Good,155 Johnson View,South Johnathan,72999
705,Evelyn Freeman,425 Lewis Course Apt. 731,South David,68502
706,James Adams,114 Ward Springs Apt. 594,West Michael,49094
707,Rachel Johnson,2680 Hayes Station Apt. 651,Moorebury,71997
708,Robert Park,856 Maldonado Gateway Suite 245,Stewartmouth,32287
709,Travis Fitzgerald,57526 Farmer Branch Apt. 098,West Mackenzieburgh,82790
710,Timothy Flores,82294 Kenneth Islands,Port Trevorchester,60917
711,Kristy Silva,4357 Adams Freeway Apt. 841,South Amanda,18733
712,Claire Quinn,515 Kathryn Lodge Apt. 794,Kellyburgh,73610
713,Danielle Gomez,44144 James Walk Apt. 126,South Carlberg,89040
714,Michael Nichols,36518 Hawkins Mews Suite 806,New Mariafurt,27929
715,Alec Cunningham,28518 Brown Mill,North Nathanielside,46307
716,Alexander Barrett,476 Lauren Bridge,Brownshire,44821
717,John Barnes,4851 Johnson Bypass Apt. 732,South Susan,95430
718,Tamara Hart,25164 Annette Hills,East Kyle,40332
719,Christopher David,2684 Walls Pines Suite 846,New Erin,41332
720,William Mendez,674 Rebecca Valley,Longfurt,63818
721,Lucas Smith,82296 Perkins Course Suite 154,Kaufmanmouth,25426
722,Andrew Young,9606 Joseph Lodge,Stephensfurt,08042
723,Rick Shannon,7651 Davidson Lights,Robintown,33767
724,Angela White,97544 Herring Burgs,West Jennifer,31046
725,Michael Hahn,70982 Hurley Falls,Christopherstad,78857
726,Michelle Miller,02869 Amber Lodge,Williamsside,09350
727,Holly Jensen,9021 Scott Stravenue,New Cory,03087
728,Jason Jenkins,8403 Anderson Forest,Rodriguezborough,39867
729,Kevin Wilson,0359 Morton Crescent,Johnstonborough,67646
730,Ms. Kathy Bishop,5887 Alexander Track Apt. 111,South Huntershire,63268
731,Andrew Hall,0278 Mcintosh Forks,North Holly,36006
732,David Roberts,055 Lee Springs Apt. 760,Michaelview,56895
733,Bobby Wilson,76496 Finley Valley,Port Ross,66955
734,Sylvia Carter,42742 Benjamin Estate,Dianeburgh,09515
735,Kara Jenkins,50580 Brown Keys Suite 772,Lucasbury,73697
736,Todd Boyd,46242 Harding Drive,Fieldschester,73352
737,Joshua Smith,0000 Hannah Springs Suite 368,Andrewchester,64252
738,Elizabeth Mcclure,63713 Williams Gardens Suite 928,Lake Rebecca,51162
739,Cynthia Harris,1595 Long Light,New Karenbury,03656
740,Dominique Thomas,0951 Ryan Garden,West Erin,79275
741,Mr. Victor Jones,597 Gary Hollow Suite 606,West Johnfurt,72970
742,Robert Davidson,9208 Montoya Vista,Marthafort,49286
743,William Davis,943 Maria Mountains,East Kaitlynfurt,81151
744,Cynthia Landry,942 Jermaine Turnpike,Kylestad,42257
745,Rick Rowland,4769 Heather Stravenue,North Lisaberg,63782
746,Troy Woods,108 Joseph Points,Lake Edwardport,80601
747,Amy Kent MD,1054 Brady Islands Suite 768,Coopermouth,27412
748,Debra Franklin,3613 French Trail Suite 759,Jamesfurt,03206
749,Timothy George,803 Lopez Rest Suite 343,Micheleberg,79108
750,Stacy Wright,6608 Fuller Via Apt. 797,West Holly,37306
751,Johnathan Cantrell,6265 Kimberly Meadow Suite 452,Jonesshire,88493
752,Lisa Phillips,98800 Gillespie Field,East Angelamouth,99356
753,Aimee Carter,5029 Brandon Field,Cranebury,33221
754,Darius Rojas,399 Erica Plaza Apt. 346,Lake Allen,06647
755,Don Spears,5474 Ramirez Junction Suite 226,South Markstad,26295
756,Mrs. Kelli Baldwin,5608 Robin Square,Thomasmouth,28205
757,Dawn White,4399 Smith Forge,Bensonton,12255
758,Gary Barron,732 Harrison Union,East Amyport,36325
759,Mary Murphy,1370 Mike Hollow,Port Diane,89806
760,Edward Miller,005 Duffy Divide,Franklinstad,14548
761,Crystal Browning,013 Darlene Hills,New Elizabeth,14346
762,Jennifer Richmond,7954 Tamara Roads,North Michael,20696
763,Antonio Phillips,254 Ryan Club,East Nicholashaven,89392
764,Gregory Chase,40069 Robert Groves,Williamsmouth,08306
765,Jill Cunningham,4723 Mark Cliff,South Jeanette,49855
766,Jay Maldonado,6068 Vaughn Circle Suite 307,Port Daniel,48230
767,Teresa Trevino,721 Rebecca Lakes,Kevinchester,18657
768,Jessica Graham,07016 Tamara Stream,North Ryanhaven,05145
769,Elizabeth Melendez,7223 Bridges Plains,South Melaniebury,88692
770,Charles Lam,77358 Casey Street Suite 938,South Tylerfurt,89202
771,Kristi Hicks,0042 Kelly Field Apt. 196,Joshuaport,89194
772,Becky Bowers,6937 Kevin Shore,West Michelle,37677
773,Catherine Perez,802 Smith Hollow Suite 694,Port Vanessa,76565
774,Gregory Flores,0424 Williams Grove Apt. 962,Garciaton,72449
775,Tyler Glover,548 Sherry Crescent,Port Daniel,07625
776,John Perez,840 Amanda Park,Robertsfort,51963
777,Heather Blair,0043 Roy Mills Suite 739,Vargashaven,84646
778,Erik Young,91989 Gonzales Knolls,Brenthaven,89426
779,Stephen Perez,0336 Ryan Brook,Garciaside,01270
780,Andrea Rogers,73926 Werner Land,Stephaniemouth,23519
781,Gabriel Lowe,207 Smith Green Apt. 693,North Jordanton,73935
782,Micheal Anderson,51326 Stone Village,New Rachelville,85533
783,Jill Colon,74246 Martinez Crescent,Port Karen,20542
784,Natasha Contreras,78695 Miller Walks,Salinasshire,32308
785,Steven Jenkins,5401 Jennifer Ports Suite 247,Seanstad,19155
786,Sherri Bishop,17917 Lawson Square,Ryanport,09466
787,Andrea Johnson,8332 Tommy Forest,Lake Amber,95083
788,Linda Campbell,2409 Steven Shores Suite 193,South Jamie,93079
789,Bryan Ferguson,47087 May Glen,Davidville,88227
790,Elizabeth Padilla,354 Parker Flat,Katelynfort,75399
791,Tanya Fox,394 Kerri Haven,New Melissa,34725
792,Tyler Davis,55448 Erica Burgs Suite 894,Cherylhaven,39825
793,Kirk Butler,1983 William Landing Apt. 431,North Brittneytown,49892
794,Tanner Ward,7358 Bryan Islands,Morganfurt,43441
795,Megan Andersen,7713 Sean Square,Brockchester,83035
796,Lee Frye,19821 Julie Walk Apt. 954,Perkinsmouth,27940
797,Dylan Davis,0081 Robert Valleys Suite 025,South Lawrence,74382
798,Wendy Bean,502 Arnold Skyway Suite 369,Brianberg,38067
799,Robert Henderson,37551 Karen Gateway,Port Donald,43998
800,Morgan Bell,99399 Ferrell Lakes Apt. 801,South Robinfurt,23473
801,Dana Wells,01055 Julie Canyon Apt. 330,South Melvinburgh,52338
802,Melanie Brown MD,1821 Deborah Stream,Bradfurt,23799
803,Elijah Hawkins,29006 Kristin Centers,Adamborough,04386
804,David Preston,4558 Joseph Glen Apt. 458,New Marisastad,84718
805,Allen Delacruz,931 Wheeler Flat Suite 738,Lake Jackie,64081
806,Christine Henry,0552 Jesse Walks,New James,10102
807,Lauren Le,64418 Mosley Knoll,Taylorshire,60126
808,Jennifer Smith,704 Bryan Pike,North Ryan,44754
809,Brenda Harrison,0732 Sanchez Plaza,East Aprilfort,36365
810,Bryan Randolph,48281 Bradley Spurs,New Bradley,03587
811,Madison Clarke,30622 Williamson Pike Apt. 641,New Tonyaberg,14278
812,Jeffrey Weeks,68251 Marshall Heights,Wardborough,14541
813,Jeffrey Jones,596 Carol Garden Suite 666,North Richardshire,92476
814,Michael Knight,845 Hayes Parks,Elizabethmouth,67357
815,Ann Kirk,50549 Emma Heights,West Johnny,13666
816,Patrick Ford,2060 Bowman Locks Apt. 316,Daisymouth,18156
817,Kimberly Hernandez,61414 Rebekah Crest Suite 263,West Paula,87234
818,Jeffrey Yu,478 Jennifer Station,Johnville,01240
819,Robert Cantu,4559 Norman Valley,South Erika,78246
820,Amber Kelly,313 Moore Key Apt. 624,West Michelleshire,25833
821,Jamie Higgins,102 Rodriguez Mill,Jessicaborough,93799
822,James Vasquez,4041 Lisa Gardens,Chungfort,41580
823,Courtney Hale,8137 Martinez Run,South Thomas,37000
824,Lisa Alvarado,2518 Green Overpass Apt. 209,Melissaside,14393
825,Sheri Williams,8360 Thomas Curve Apt. 783,Scottburgh,62745
826,Frederick Sanchez,9248 Patrick Field Suite 709,West Tammymouth,20826
827,Allison Allen,8021 Samantha Roads,East Kevin,73658
828,Candace Washington,360 Carl Wall Apt. 833,West Michael,92448
829,Sherry Miller,22316 Stephen Roads Suite 825,South Kyle,36127
830,Kyle Peterson,568 White Mount,Smithburgh,50095
831,Eric Becker,661 Justin Lake,Davidhaven,52014
832,Jack Wade,9792 Brian Brook,Lake Amberberg,09398
833,Cynthia Simmons,04041 Amy Turnpike Apt. 066,New Madelineberg,14646
834,Julie Gonzalez,34391 Claudia Village,New Stacey,08666
835,Jamie Mcfarland,126 Christopher Lights Suite 818,Donaldchester,99403
836,Tamara Coleman,20100 Patricia Courts,Tiffanyburgh,35406
837,Jeff Arroyo MD,9965 Thomas Row,Debbiefurt,53630
838,Teresa Garcia,99082 Jerry Lakes,Leeton,33138
839,Shelby Smith,23825 James Ports,West Michelle,89662
840,Steven Barber,54835 Osborn Causeway Suite 554,South Richardbury,13237
841,Kelsey James,4131 Delacruz Harbors Apt. 347,Josephport,30238
842,Rachel Lowe,536 Denise Knoll Apt. 368,Michaeltown,63263
843,Gerald Becker,38168 Cory Corners Suite 034,East Lauren,03948
844,Stephanie Moore,2775 Joshua Shoal,Jamestown,49291
845,Lori Wade,186 Christopher Flats Suite 002,Cooleyshire,24077
846,Gregory Brown,385 James Village,East Dustin,36706
847,Diana Neal,164 Watkins Shoal Apt. 031,Ashleyport,11969
848,Eric Williams,9411 Montgomery Manors Apt. 970,Huffbury,44268
849,Joseph Murray,336 Mark Estates Apt. 872,Sullivanhaven,54474
850,Erika Page,090 Scott Ranch,Thomasbury,54088
851,Eric Kane,12901 Brent Port Suite 489,South Laurenfort,92820
852,Kristin Scott,93833 Susan Flat Suite 384,Lake Maryland,36579
853,David Scott,566 Ronald Turnpike Suite 770,South Samuelmouth,79289
854,Paul Lopez,5035 Carla Walk,East Yvonnechester,45566
855,Erin Lopez,261 Sullivan Hollow Suite 684,Ryanbury,43639
856,Jessica Diaz,5433 Thomas Passage Suite 953,Laurafort,63538
857,Jason Smith,465 Rodgers Squares,South Kelli,77219
858,Vanessa Hooper,62218 Tiffany Fall Suite 912,Adkinsborough,46850
859,Heather Hayes,836 Moore Square Suite 960,Lisaport,57995
860,Aaron Wilson,28015 Noble Camp Suite 906,Hobbsfurt,63091
861,John Harris,8273 Emily Ville,New Rebeccaburgh,99749
862,David Reynolds,6997 Vickie Trace,East Kelly,18249
863,Karen Gomez,448 Burke Square,Kimberlyberg,55961
864,Ryan Kim,872 Stark Cliffs,West Elizabeth,49918
865,Brittany Williams,40390 Mcdonald Isle Apt. 907,Cantumouth,96697
866,Abigail Wallace,455 John Islands,Robbinsville,70005
867,Jennifer Brown,29704 Dale Gardens Apt. 991,New Kerri,34722
868,Lisa Ball,8782 Chloe Fork,East Katrinatown,28901
869,Chase Miller,0215 Kelly Heights Apt. 667,North Kristin,70321
870,Vanessa Hernandez,905 Dalton Extensions,Erikville,16444
871,Brian Reed,6081 Rivera Dam,Port Robert,54893
872,Misty Watkins,06550 Stevens Ville Apt. 952,Robinsonmouth,27203
873,Adam Burns,23969 Jane Rest Apt. 286,Boyerborough,53241
874,Jack Turner,5753 Carrie Pine Apt. 766,Robertfurt,78175
875,Ronald Little,571 Barry Course,Baileychester,53031
876,Sarah Wilson,6602 Nicole Rapid Suite 418,Grantton,91171
877,Heather Christensen,84617 Mitchell Islands Suite 275,Port Timothyside,14918
878,Roger Rios,482 Holly Track Suite 327,Johnside,41189
879,Cynthia Perry,54826 Johnson Place Apt. 470,South Linda,45840
880,Becky Watson,7719 Kendra Field,Rossville,86344
881,Matthew Mathews,449 Lewis Gateway,West Jason,74429
882,John Sanders,681 Teresa Square,Hillfurt,32748
883,Chris Rodriguez,25700 Henderson Trail Suite 938,Paulport,73819
884,Brian Roberts,8414 Scott Common,Martinezchester,39155
885,Sarah Nunez,35323 Don Glens,East Jasmine,82651
886,Jeremy Wallace,3351 Acosta Shore,East Juliemouth,98890
887,Cameron Ray,72963 Oconnor Mission,East Michael,09360
888,Aaron Evans,4476 Angela Land,Garyside,03930
889,Patricia Woods,02698 Patel Canyon Suite 677,West Michele,48690
890,Tyler Mckenzie,325 Nguyen Court Suite 787,Stevensbury,37179
891,Mathew Hughes,650 Christina Orchard,Phillipsfort,10379
892,Emily Morrison,3476 Graham Village Apt. 036,Boydshire,98676
893,Darrell Smith,07094 Lopez Road,Lake Rachelborough,55670
894,Sarah Shelton,9177 Renee Street,Port Wesleyton,59152
895,Edward Dunn,0358 Alison Way Apt. 671,South Donnachester,76270
896,Elizabeth Perez,4418 Williams Heights,Thompsonmouth,63712
897,Patricia Gray,58987 Olivia Hills Suite 793,South Brittany,79016
898,Kimberly Smith,4831 Kristine Divide Suite 624,Port Amyhaven,29025
899,Laura Butler,0199 Isaac Circle Suite 333,Michaelside,46307
900,Miranda Peterson,961 Ray Junctions Apt. 958,West Marymouth,76215
901,Brad Fisher,0605 Christopher Trafficway,West Jasmine,02737
902,Gavin Carpenter,482 Beth Place,Sarahfort,40624
903,Diana Johnson,88342 Matthews Shores,Michaelton,48001
904,Kristen Collins,53096 Andrews Lodge,Millerbury,20087
905,Sharon Mason,86642 Brandi Street,North Andrew,14970
906,Rachel Simmons,5876 Henry Pine Suite 832,Donaldmouth,55202
907,Bethany Bailey,630 Annette Shore Suite 172,North Melissafort,86950
908,Stephen Jones,24848 Jones Plains,South Charlesland,75503
909,Darin Stewart,2456 Villarreal Cliffs,North Arthurmouth,98162
910,Gina Mcdaniel,2154 Jamie Islands Apt. 640,Catherineberg,33405
911,Tina Alexander,06928 Joshua Fall,North Meganfort,98905
912,Jacqueline Mccall,613 David Wells Apt. 798,North Adam,78130
913,Katelyn Stafford,974 Sharon Terrace Suite 470,Brycebury,25488
914,Justin Hayes,254 Montes Fields,Ryanton,50654
915,Gina Wagner,2553 Wright Key Apt. 272,South Williammouth,60681
916,Kenneth Perez,91167 Kimberly Walks,South Steven,44742
917,Dr. Gary Hernandez Jr.,75394 Lewis Street Apt. 540,Clarktown,27405
918,Shannon Chapman,541 Hall Inlet,East Brandonstad,45176
919,Christopher Bowers,5144 Gibbs Track,Potterfurt,41325
920,Angel Curry,06445 Schultz Centers,Griffinberg,84682
921,Tyler Anderson,0920 Melinda Estates Apt. 767,Tuckerview,84833
922,Kara Mason,775 Patel Estates Apt. 552,Moralesland,30552
923,Monica Davis,7453 Martinez Passage,Smithside,69056
924,Peter Mccoy,708 Black Road Suite 838,Port David,67213
925,Susan Jones,95199 Julie Mount Suite 257,East Thomas,30677
926,Lori Zuniga,575 Callahan Pass,Myerston,09375
927,Andrea Mason,06085 Michael Pine Suite 815,Christinaville,85872
928,Nicole Sanders MD,30726 Kristina Cape Suite 302,Priceville,43197
929,Wayne Leon,780 Boyd Manors,Lake Mario,26288
930,Courtney Gibbs,7148 Carla Points,Martinland,95005
931,Benjamin Morrison,6858 William Club Apt. 056,New Shawnport,05150
932,Christopher Dodson,25002 Michael Crossroad Apt. 403,Lake Denisetown,28750
933,Mrs. Lori Johnson,757 Browning Spur,Levyport,40910
934,Kathy Romero,908 Salazar Union Suite 274,Cameronmouth,45869
935,Kristen Gillespie,30264 Gary Summit Apt. 760,Emilyborough,97460
936,Alexis Blair,5057 Martin Crest Apt. 937,Pierceton,83134
937,Stephen Rodriguez,3490 Guerra Track,Lake Timothy,18808
938,Mike Stewart,794 Rice Forks Suite 430,Lake Michaelmouth,56126
939,Mr. Juan Melton,2335 Wright Via,North Tinafurt,81903
940,Tracy Hill,066 Eric Garden,Josephchester,26666
941,Dominique Keller,5403 Denise Skyway,Castillochester,02848
942,Kristen Franklin,8709 Kim Prairie Apt. 285,West Gabriel,53239
943,Ashley Collins,9238 Rios Divide Suite 175,East Jerry,10352
944,Dawn Williams,1845 Craig Greens,Seanburgh,41644
945,Lauren Ruiz,256 Jill Islands Apt. 424,South Sean,96278
946,Amber Martin,2722 Stephen Divide Suite 608,North Julie,71437
947,Tyler Hanson,52132 Mary Divide Apt. 439,Donaldside,37227
948,Melissa Shelton,957 Carroll Center Apt. 593,North Mistyville,83535
949,Kimberly Newman,49588 Austin Way Apt. 889,East Candice,98632
950,Jessica Palmer,829 William Hill,Alexanderbury,79330
951,Sydney Ramirez,5066 Anderson Shoal Suite 896,Sharpview,74851
952,Angela Moss,09028 Myers Brook,Wilsonbury,52422
953,Deanna Foster,7894 Lee Fort,Brianamouth,15832
954,Margaret Diaz,54219 Khan Keys Apt. 614,Port Elizabethmouth,98790
955,Laura Edwards,72533 Sierra Roads,Andersonfurt,20568
956,Amanda Nguyen,800 Chambers Canyon Apt. 623,New Robinbury,58921
957,Benjamin Harper,727 Stewart Squares Suite 475,New Judyfort,36228
958,Clayton Schmidt,28885 Moss Forks Suite 417,Brandonview,70775
959,Nicholas Cook,679 Mary Wall Apt. 637,Donnaville,84915
960,Michelle Watkins,51721 Kelly Prairie Suite 778,Wardstad,74210
961,Katherine Parker,661 Christopher Unions,Jermaineborough,30874
962,Kelly Richardson,7157 Lozano Courts Apt. 845,Port Christopher,52592
963,Barbara Mcgee,79925 Powers Burgs,Prattton,36174
964,Alan Reed,736 Leonard Plains Suite 082,Masonmouth,05168
965,Craig Oneal,786 Laura Mills,Lishire,95363
966,Kayla Coleman,100 Amanda Burg Suite 266,New Emily,56430
967,Thomas Park,27808 Jennifer Plain Apt. 237,West Rebeccaburgh,80811
968,Elizabeth King,091 Kelly Keys,Lake Sheila,22678
969,Christine Luna,71697 Martha Mission,Nathanmouth,67179
970,Karen Palmer,7097 Sarah Street,Velasquezberg,33240
971,Mark Estes,1993 Floyd Center,Port Mark,36822
972,Steven Spears,83340 Jonathan Viaduct,Lake Cameron,47413
973,Ann Clark,5753 Paul Grove,Lake Victoriamouth,32132
974,Charles Butler,706 Patterson Stream,North Sarah,25781
975,Rachel Navarro,0656 White Ranch,Brownview,43828
976,Lauren Smith,854 Willie Ville Apt. 985,East Jorge,95466
977,Samuel Ortiz,29845 Farmer Harbor Suite 260,North Dustinport,23378
978,Riley Johnson,27786 Ryan Corner,New Vanessa,17916
979,Michael Salas,3489 Lee Meadows,Jameschester,55617
980,Thomas Thompson,2033 Crystal Mill Suite 532,New Alan,43163
981,Jennifer Jordan,1206 Long Plaza Apt. 242,Lake Nicole,77625
982,Todd Graham,107 Brian River Apt. 630,North Nancyfort,24806
983,Carla Harris,00838 Young Ranch Suite 341,Desireeberg,31000
984,Jeffrey Thomas,44874 Williams Freeway Suite 914,Jeffreyfort,06308
985,Eric Miller,6522 Monica Rapid,Lake Hollystad,85437
986,Denise Brooks,8513 Wilson Stravenue,Sandersmouth,36367
987,Cassandra Haynes,9740 David Forge Apt. 634,Maryview,99769
988,Jennifer Thompson,008 Simmons Trafficway Apt. 430,Virginiaview,76943
989,Jamie Fletcher DDS,94907 Ibarra Shoal Suite 899,Jamesbury,29404
990,Christopher Lopez,52111 Gonzalez Vista Suite 045,Taylorstad,67477
991,Melissa Taylor,094 Erika Plaza,Reyesfort,47689
992,Christy Holmes,6998 Morris Cape,Andersonstad,82656
993,Derrick Contreras,5409 Singh Throughway Suite 621,Walkerville,72295
994,Christopher Berry,33731 Guerra Orchard Apt. 011,Brianshire,68669
995,Joshua Levine,520 Briggs Wells,Riveraland,21626
996,Kenneth Turner,584 Patrick Orchard,Cainchester,34348
997,Yesenia Glass,30303 Danielle Path Suite 921,Yangview,25407
998,Amy Fox,359 Michael Plains,Port Alyssa,59159
999,Amanda Logan,60571 Daniel Estate,New Jamesland,26227
1000,Dennis Arroyo,81701 Benjamin Shoal,Gonzalezview,01937
1001,Annette Stafford,23380 Keith Pine Apt. 808,Beverlyborough,07585
